id,currency,symbol,name,logo_url,status,price,price_date,price_timestamp,circulating_supply,max_supply,market_cap,market_cap_dominance,num_exchanges,num_pairs,num_pairs_unmapped,first_candle,first_trade,first_order_book,rank,rank_delta,high,high_timestamp,1d.volume,1d.price_change,1d.price_change_pct,1d.volume_change,1d.volume_change_pct,1d.market_cap_change,1d.market_cap_change_pct,platform_currency,first_priced_at
BTC,BTC,BTC,Bitcoin,https://s3.us-east-2.amazonaws.com/nomics-api/static/images/currencies/btc.svg,active,23126.18062656,2022-08-04T00:00:00Z,2022-08-04T02:54:00Z,19111706,21000000,441980765038,0.3969,468,91998,10614,2011-08-18T00:00:00Z,2011-08-18T00:00:00Z,2017-01-06T00:00:00Z,1,0,67599.22675068,2021-11-08T00:00:00Z,50012377877.18,345.21553568,0.0152,-5510298129.33,-0.0992,6617454483.25,0.0152
ETH,ETH,ETH,Ethereum,https://s3.us-east-2.amazonaws.com/nomics-api/static/images/currencies/eth.svg,active,1653.75197371,2022-08-04T00:00:00Z,2022-08-04T02:54:00Z,121820861,,201461489006,0.1809,541,93796,77381,2015-08-07T00:00:00Z,2015-08-07T00:00:00Z,2018-08-29T00:00:00Z,2,0,4811.44880560,2021-11-08T00:00:00Z,24240527663.74,46.44252741,0.0289,-8323457569.36,-0.2556,5679255436.26,0.0290,ETH
USDT,USDT,USDT,Tether,https://s3.us-east-2.amazonaws.com/nomics-api/static/images/currencies/usdt.svg,active,1.00052424,2022-08-04T00:00:00Z,2022-08-04T02:54:00Z,66426425455,,66461248976,0.0597,480,87416,31046,2013-12-27T00:00:00Z,2013-12-27T00:00:00Z,2018-08-29T00:00:00Z,3,0,1.09106995,2017-12-23T00:00:00Z,84498085687.47,0.00068351845,0.0007,-13159660425.57,-0.1348,59199038.65,0.0009,ETH
USDC,USDC,USDC,USD Coin,https://s3.us-east-2.amazonaws.com/nomics-api/static/images/currencies/usdc.svg,active,1.00016372,2022-08-04T00:00:00Z,2022-08-04T02:54:00Z,54338761505,54338829159,54347658078,0.0488,324,9014,10184,2015-11-18T00:00:00Z,2015-11-18T00:00:00Z,2018-10-26T00:00:00Z,4,0,1.03035693,2019-05-02T00:00:00Z,5268585293.67,0.00060324476,0.0006,-1373015491.53,-0.2067,-25396472.67,-0.0005,ETH
BNB,BNB,BNB,Binance Coin,https://s3.us-east-2.amazonaws.com/nomics-api/static/images/currencies/bnb.svg,active,301.75989858,2022-08-04T00:00:00Z,2022-08-04T02:54:00Z,163276975,163276975,49270443305,0.0443,292,25012,1103464,2017-07-14T00:00:00Z,2017-07-14T00:00:00Z,2018-08-29T00:00:00Z,5,0,676.74258386,2021-05-03T00:00:00Z,1890802800.31,19.48285908,0.0690,128934808.66,0.0732,3181102287.17,0.0690,BNB
XRP,XRP,XRP,XRP,https://s3.us-east-2.amazonaws.com/nomics-api/static/images/currencies/XRP.svg,active,0.37208034,2022-08-04T00:00:00Z,2022-08-04T02:54:00Z,48343101197,99989535142,17987517517,0.0162,313,3060,121,2013-05-09T00:00:00Z,2013-05-09T00:00:00Z,2018-08-29T00:00:00Z,6,1,2.75914929,2018-01-07T00:00:00Z,1558215576.70,0.0073682501,0.0202,-576084985.78,-0.2699,356204060.68,0.0202,
BUSD,BUSD,BUSD,Binance USD,https://s3.us-east-2.amazonaws.com/nomics-api/static/images/currencies/BUSD.png,active,1.00007195,2022-08-04T00:00:00Z,2022-08-04T02:54:00Z,17923534703,17923534703,17924824284,0.0161,178,11194,30780,2017-07-09T00:00:00Z,2019-09-19T00:00:00Z,2019-09-19T00:00:00Z,7,-1,1.01272482,2020-03-12T00:00:00Z,9782411485.48,0.00018795569,0.0002,-2611994735.95,-0.2107,21725278.45,0.0012,ETH
ADA,ADA,ADA,Cardano,https://s3.us-east-2.amazonaws.com/nomics-api/static/images/currencies/ada.svg,active,0.50928992,2022-08-04T00:00:00Z,2022-08-04T02:54:00Z,33820262544,45000000000,17224318904,0.0155,188,1064,693,2017-10-01T00:00:00Z,2017-11-22T00:00:00Z,2018-08-29T00:00:00Z,8,0,2.96715794,2021-09-03T00:00:00Z,910812242.29,0.012373840,0.0249,-319720161.69,-0.2598,418486511.41,0.0249,
SOL,SOL,SOL,Solana,https://nomics-api.s3.us-east-2.amazonaws.com/static/images/currencies/SOL2.jpg,active,39.36171593,2022-08-04T00:00:00Z,2022-08-04T02:54:00Z,346652339,508180964,13644830876,0.0123,142,3873,2896,2019-06-07T00:00:00Z,2020-04-10T00:00:00Z,2020-04-07T00:00:00Z,9,0,259.01164999,2021-11-06T00:00:00Z,3721154597.59,0.67243424,0.0174,680347318.35,0.2237,233073814.49,0.0174,SOL
DOT,DOT,DOT,Polkadot,https://s3.us-east-2.amazonaws.com/nomics-api/static/images/currencies/DOT.svg,active,8.19766505,2022-08-04T00:00:00Z,2022-08-04T02:54:00Z,1137374817,1218323064,9323817789,0.0084,169,635,3,2018-12-12T00:00:00Z,2019-08-27T00:00:00Z,2019-08-28T00:00:00Z,10,0,366.66128625,2020-08-12T00:00:00Z,747803092.15,0.37111496,0.0474,-160153791.99,-0.1764,423741901.58,0.0476,
DOGE,DOGE,DOGE,Dogecoin,https://s3.us-east-2.amazonaws.com/nomics-api/static/images/currencies/doge.svg,active,0.067120812,2022-08-04T00:00:00Z,2022-08-04T02:54:00Z,132670764300,,8904969370,0.0080,271,3276,1059,2014-01-21T00:00:00Z,2014-01-21T00:00:00Z,2018-09-12T00:00:00Z,11,0,0.68872455,2021-05-07T00:00:00Z,349674929.42,0.0011825994,0.0179,-171662707.78,-0.3293,156896361.06,0.0179,
MATIC,MATIC,MATIC,Polygon,https://s3.us-east-2.amazonaws.com/nomics-api/static/images/currencies/MATIC.jpg,active,0.90259109,2022-08-04T00:00:00Z,2022-08-04T02:54:00Z,8034803943,,7252142470,0.0065,231,4030,26205,2019-04-26T00:00:00Z,2019-04-26T00:00:00Z,2019-04-26T00:00:00Z,12,0,2.88866018,2021-12-26T00:00:00Z,819637597.46,0.030756995,0.0353,-217654623.83,-0.2098,247126426.87,0.0353,MATIC
DAI,DAI,DAI,Dai,https://s3.us-east-2.amazonaws.com/nomics-api/static/images/currencies/DAI.svg,active,0.99998891,2022-08-04T00:00:00Z,2022-08-04T02:54:00Z,6944741165,6944741165,6944664120,0.0062,230,3001,1742,2017-12-22T00:00:00Z,2017-12-22T00:00:00Z,2018-09-07T00:00:00Z,13,0,1.15261221,2018-04-07T00:00:00Z,266209487.26,0.0028311741,0.0028,-200701564.37,-0.4298,33647894.73,0.0049,ETH
STETH,STETH,STETH,Liquid Staked Ether,https://s3.us-east-2.amazonaws.com/nomics-api/static/images/currencies/STETH.png,active,1610.49776845,2022-08-04T00:00:00Z,2022-08-04T02:54:00Z,4267428,4267461,6872683545,0.0062,15,28,0,2020-12-19T00:00:00Z,2020-12-19T00:00:00Z,2021-01-08T00:00:00Z,14,0,4776.68352266,2021-11-08T00:00:00Z,12348830.38,43.30852940,0.0276,-5645422.16,-0.3137,186097927.54,0.0278,ETH,2020-12-28T21:21:34.943723Z
AVAX,AVAX,AVAX,Avalanche,https://s3.us-east-2.amazonaws.com/nomics-api/static/images/currencies/AVAX.svg,active,23.69989831,2022-08-04T00:00:00Z,2022-08-04T02:54:00Z,284397529,408490059,6740192516,0.0061,136,2699,14500,2020-07-08T00:00:00Z,2020-07-22T00:00:00Z,2020-07-08T00:00:00Z,15,1,135.30332067,2021-11-22T00:00:00Z,581714794.80,0.99787918,0.0440,-80314522.37,-0.1213,283969087.12,0.0440,AVAX,
SHIB,SHIB,SHIB,Shiba Inu,https://s3.us-east-2.amazonaws.com/nomics-api/static/images/currencies/SHIB.png,active,0.000011940199,2022-08-04T00:00:00Z,2022-08-04T02:54:00Z,558164782460623,999991277260731,6664598662,0.0060,157,396,46,2020-07-31T00:00:00Z,2020-07-31T00:00:00Z,2021-02-01T00:00:00Z,16,-1,0.000079591135,2021-10-27T00:00:00Z,377485862.43,0.00000024407132,0.0209,-86731324.01,-0.1868,136295601.61,0.0209,ETH,
HEX,HEX,HEX,HEX,https://s3.us-east-2.amazonaws.com/nomics-api/static/images/currencies/HEX.png,active,0.048255697,2022-08-04T00:00:00Z,2022-08-04T02:53:00Z,136542315843,642649628336,6588944606,0.0059,40,142,11,2019-12-13T00:00:00Z,2020-05-18T00:00:00Z,2020-03-11T00:00:00Z,17,1,0.48978522,2021-09-18T00:00:00Z,6442527.93,0.0028357568,0.0624,-3204214.20,-0.3322,380968733.48,0.0614,ETH,
TRX,TRX,TRX,TRON,https://s3.us-east-2.amazonaws.com/nomics-api/static/images/currencies/TRX.svg,active,0.068227638,2022-08-04T00:00:00Z,2022-08-04T02:54:00Z,92420821800,101900409184,6305654333,0.0057,254,2329,16877,2017-10-06T00:00:00Z,2017-10-06T00:00:00Z,2018-08-29T00:00:00Z,18,-1,0.20713425,2018-01-04T00:00:00Z,610964139.46,0.00093986479,0.0140,-142415695.23,-0.1890,86764492.43,0.0140,TRX,
WBTC,WBTC,WBTC,Wrapped Bitcoin,https://s3.us-east-2.amazonaws.com/nomics-api/static/images/currencies/WBTC.png,active,23136.94454731,2022-08-04T00:00:00Z,2022-08-04T02:53:00Z,236710,236710,5476750066,0.0049,119,1312,160,2019-01-29T00:00:00Z,2019-01-29T00:00:00Z,2019-02-14T00:00:00Z,19,0,67600.54078204,2021-11-08T00:00:00Z,161007221.82,392.18608463,0.0172,-135058604.62,-0.4562,92834434.57,0.0172,ETH,
FTXTOKEN,FTXTOKEN,FTT,FTX Token,https://s3.us-east-2.amazonaws.com/nomics-api/static/images/currencies/FTXTOKEN.png,active,29.52901031,2022-08-04T00:00:00Z,2022-08-04T02:54:00Z,178944256,330571139,5284046777,0.0047,50,122,0,2019-07-28T00:00:00Z,2019-07-29T00:00:00Z,2019-07-29T00:00:00Z,20,0,79.60078901,2021-09-09T00:00:00Z,75014766.34,0.72180202,0.0251,-35674123.09,-0.3223,155072422.76,0.0302,ETH,
ETC,ETC,ETC,Ethereum Classic,https://s3.us-east-2.amazonaws.com/nomics-api/static/images/currencies/etc.svg,active,36.76994497,2022-08-04T00:00:00Z,2022-08-04T02:54:00Z,136156470,210700000,5006465893,0.0045,184,854,2,2016-07-24T00:00:00Z,2016-07-24T00:00:00Z,2018-08-29T00:00:00Z,21,0,134.84098315,2021-05-06T00:00:00Z,2749125254.80,0.15654224,0.0043,-1798566664.78,-0.3955,21901090.35,0.0044,,
LEO,LEO,LEO,UNUS SED LEO,https://s3.us-east-2.amazonaws.com/nomics-api/static/images/currencies/leotoken.png,active,5.00271155,2022-08-04T00:00:00Z,2022-08-04T02:54:00Z,934622886,985239504,4675648709,0.0042,34,83,1,2019-05-20T00:00:00Z,2019-05-20T00:00:00Z,2019-05-20T00:00:00Z,22,0,7.48923054,2022-02-08T00:00:00Z,4811862.52,-0.015325260,-0.0031,1127378.83,0.3060,-14383254.03,-0.0031,ETH,
OKB,OKB,OKB,OKEx Utility Token,https://s3.us-east-2.amazonaws.com/nomics-api/static/images/currencies/OKB.png,active,17.57643730,2022-08-04T00:00:00Z,2022-08-04T02:54:00Z,256388091,300000000,4506389214,0.0040,56,226,9,2017-07-09T00:00:00Z,2019-06-13T00:00:00Z,2019-02-14T00:00:00Z,23,0,42.41448534,2021-05-02T00:00:00Z,11205119.62,-0.33702843,-0.0188,-5292296.90,-0.3208,-86410075.35,-0.0188,ETH,
LTC,LTC,LTC,Litecoin,https://s3.us-east-2.amazonaws.com/nomics-api/static/images/currencies/ltc.svg,active,58.95681996,2022-08-04T00:00:00Z,2022-08-04T02:54:00Z,70865833,84000000,4178024171,0.0038,391,3936,663,2013-03-25T00:00:00Z,2013-03-25T00:00:00Z,2018-08-29T00:00:00Z,24,0,388.78953044,2021-05-09T00:00:00Z,602830009.77,1.66395076,0.0290,-167416061.93,-0.2174,118319023.59,0.0291,,
UNI,UNI,UNI,Uniswap Protocol Token,https://s3.us-east-2.amazonaws.com/nomics-api/static/images/currencies/UNISWAP.svg,active,8.94573500,2022-08-04T00:00:00Z,2022-08-04T02:54:00Z,464939933,1000000000,4159229426,0.0037,211,1135,115,2019-06-03T00:00:00Z,2020-09-17T00:00:00Z,2019-10-11T00:00:00Z,25,1,43.20072442,2021-05-04T00:00:00Z,561714143.58,0.75494534,0.0922,33257725.73,0.0629,351007510.18,0.0922,ETH,
CRO,CRO,CRO,Cronos,https://s3.us-east-2.amazonaws.com/nomics-api/static/images/currencies/cro.jpg,active,0.14572148,2022-08-04T00:00:00Z,2022-08-04T02:54:00Z,25263013692,30263013692,3681363821,0.0033,88,320,161,2019-03-07T00:00:00Z,2019-03-08T00:00:00Z,2019-03-08T00:00:00Z,26,-1,0.88842962,2021-11-23T00:00:00Z,173041630.78,-0.011653887,-0.0741,-211455075.33,-0.5500,-294412319.25,-0.0741,ETH,
NEAR,NEAR,NEAR,Near Protocol,https://s3.us-east-2.amazonaws.com/nomics-api/static/images/currencies/NEAR.jpg,active,4.67189133,2022-08-04T00:00:00Z,2022-08-04T02:54:00Z,751093478,1000000000,3509027111,0.0032,93,223,227,2020-09-27T00:00:00Z,2020-10-14T00:00:00Z,2020-09-30T00:00:00Z,27,1,20.26210039,2022-01-14T00:00:00Z,478847541.55,0.42942743,0.1012,47639778.99,0.1105,325160778.91,0.1021,,2020-10-28T18:45:07.594685Z
LINK,LINK,LINK,ChainLink,https://s3.us-east-2.amazonaws.com/nomics-api/static/images/currencies/LINK.jpg,active,7.46533059,2022-08-04T00:00:00Z,2022-08-04T02:54:00Z,469599970,1000000000,3505719024,0.0031,290,3533,66,2017-07-09T00:00:00Z,2017-09-28T00:00:00Z,2018-08-29T00:00:00Z,28,-1,52.35800093,2021-05-09T00:00:00Z,502387939.93,0.33366279,0.0468,-143906000.90,-0.2227,156688034.60,0.0468,ETH,
ATOM,ATOM,ATOM,Cosmos,https://nomics-api.s3.us-east-2.amazonaws.com/static/images/currencies/atom.jpg,active,10.44167781,2022-08-04T00:00:00Z,2022-08-04T02:54:00Z,292586164,,3055090455,0.0027,139,497,119,2017-07-09T00:00:00Z,2019-04-22T00:00:00Z,2019-03-14T00:00:00Z,29,1,44.14918680,2021-09-19T00:00:00Z,333595023.64,0.51016039,0.0514,-63711886.80,-0.1604,149265871.66,0.0514,,
XLM,XLM,XLM,Stellar,https://s3.us-east-2.amazonaws.com/nomics-api/static/images/currencies/xlm.svg,active,0.11599032,2022-08-04T00:00:00Z,2022-08-04T02:54:00Z,25170466230,50001787631,2919530532,0.0026,205,699,113,2014-08-11T00:00:00Z,2014-08-11T00:00:00Z,2018-08-29T00:00:00Z,30,1,0.89931720,2018-01-03T00:00:00Z,177064661.70,0.0017249445,0.0151,-50132389.09,-0.2207,43418599.04,0.0151,XLM,
XMR,XMR,XMR,Monero,https://s3.us-east-2.amazonaws.com/nomics-api/static/images/currencies/xmr.svg,active,158.78272112,2022-08-04T00:00:00Z,2022-08-04T02:54:00Z,18147820,,2881560302,0.0026,149,585,126,2014-05-19T00:00:00Z,2014-05-19T00:00:00Z,2018-08-29T00:00:00Z,31,-2,484.66720908,2021-05-09T00:00:00Z,216777598.26,-1.67404714,-0.0104,-254094466.71,-0.5396,-30380306.75,-0.0104,,
BCH,BCH,BCH,Bitcoin Cash,https://s3.us-east-2.amazonaws.com/nomics-api/static/images/currencies/BCH.png,active,137.56062550,2022-08-04T00:00:00Z,2022-08-04T02:54:00Z,19135756,21000000,2632326585,0.0024,311,2542,136,2017-07-09T00:00:00Z,2017-07-27T00:00:00Z,2018-08-29T00:00:00Z,32,0,3717.49802158,2017-12-20T00:00:00Z,728640968.35,4.61240271,0.0347,-77840369.37,-0.0965,88385621.62,0.0347,,
APE7,APE7,APE,ApeCoin,https://s3.us-east-2.amazonaws.com/nomics-api/static/images/currencies/APE7.jpeg,active,7.59375337,2022-08-04T00:00:00Z,2022-08-04T02:54:00Z,306875000,1000000000,2330333064,0.0021,86,160,4,2022-03-16T00:00:00Z,2022-03-17T00:00:00Z,2022-03-17T00:00:00Z,33,1,23.75005469,2022-04-28T00:00:00Z,1259492077.16,0.81741706,0.1206,248445950.98,0.2457,250844861.66,0.1206,ETH,2022-03-17T16:40:56.703528Z
ALGO,ALGO,ALGO,Algorand,https://s3.us-east-2.amazonaws.com/nomics-api/static/images/currencies/ALGO.png,active,0.33313478,2022-08-04T00:00:00Z,2022-08-04T02:54:00Z,6949417219,10000000000,2315092542,0.0021,120,286,29,2019-06-19T00:00:00Z,2019-06-21T00:00:00Z,2019-06-19T00:00:00Z,34,-1,2.94272813,2019-06-19T00:00:00Z,250253218.30,0.0092783032,0.0286,-84341461.64,-0.2521,64557947.58,0.0287,,
VET,VET,VET,VeChain Thor,https://s3.us-east-2.amazonaws.com/nomics-api/static/images/currencies/vet.png,active,0.029815827,2022-08-04T00:00:00Z,2022-08-04T02:54:00Z,72511146418,85985041177,2161979770,0.0019,86,230,2,2018-07-13T00:00:00Z,2018-07-13T00:00:00Z,2018-08-29T00:00:00Z,35,1,0.25434551,2021-04-18T00:00:00Z,351453845.85,0.0018580968,0.0665,20054390.58,0.0605,134732731.93,0.0665,,
FIL,FIL,FIL,Filecoin,https://s3.us-east-2.amazonaws.com/nomics-api/static/images/currencies/FIL.png,active,8.26793603,2022-08-04T00:00:00Z,2022-08-04T02:54:00Z,252366588,2000000000,2086550806,0.0019,117,401,1,2017-11-03T00:00:00Z,2017-11-23T00:00:00Z,2019-06-04T00:00:00Z,36,-1,190.86191447,2021-03-31T00:00:00Z,816448760.64,0.062488446,0.0076,-739296740.04,-0.4752,18733565.68,0.0091,,
ICP,ICP,ICP,Dfinity,https://s3.us-east-2.amazonaws.com/nomics-api/static/images/currencies/ICP.jpg,active,8.13034051,2022-08-04T00:00:00Z,2022-08-04T02:54:00Z,249767024,487468887,2030690955,0.0018,70,124,0,2021-01-30T00:00:00Z,2021-05-06T00:00:00Z,2021-01-30T00:00:00Z,37,0,455.02199995,2021-05-05T00:00:00Z,615196514.16,0.098394507,0.0123,-257424821.51,-0.2950,24663469.70,0.0123,,2021-03-24T00:11:30.852913Z
FLOW2,FLOW2,FLOW,Flow,https://s3.us-east-2.amazonaws.com/nomics-api/static/images/currencies/FLOW2.jpg,active,1.89444162,2022-08-04T00:00:00Z,2022-08-04T02:54:00Z,1036200000,1390757889,1963020408,0.0018,51,90,0,2021-01-27T00:00:00Z,2021-01-27T00:00:00Z,2021-01-27T00:00:00Z,38,0,39.15221993,2021-03-04T00:00:00Z,65320235.89,0.036827446,0.0198,-62399502.85,-0.4886,38160599.54,0.0198,,2021-01-28T14:38:49.921753Z
MANA,MANA,MANA,Decentraland,https://s3.us-east-2.amazonaws.com/nomics-api/static/images/currencies/mana.svg,active,0.99026551,2022-08-04T00:00:00Z,2022-08-04T02:54:00Z,1810778713,2193578527,1793151709,0.0016,187,455,3,2017-07-17T00:00:00Z,2017-07-17T00:00:00Z,2018-08-29T00:00:00Z,39,0,5.22240815,2021-11-25T00:00:00Z,338691113.90,0.037012053,0.0388,-58801371.53,-0.1479,67018146.81,0.0388,ETH,
SAND2,SAND2,SAND,The Sandbox,https://s3.us-east-2.amazonaws.com/nomics-api/static/images/currencies/SAND2.svg,active,1.28625034,2022-08-04T00:00:00Z,2022-08-04T02:54:00Z,1284059808,3000000000,1651622363,0.0015,119,269,1,2020-08-09T00:00:00Z,2020-08-14T00:00:00Z,2020-08-11T00:00:00Z,40,0,7.58730943,2021-11-28T00:00:00Z,554270391.55,0.034847567,0.0278,-219648616.96,-0.2838,44746360.51,0.0278,ETH,
HBAR,HBAR,HBAR,Hedera Hashgraph,https://s3.us-east-2.amazonaws.com/nomics-api/static/images/currencies/HBAR.jpg,active,0.071936814,2022-08-04T00:00:00Z,2022-08-04T02:54:00Z,22638651334,50000000000,1628552460,0.0015,54,100,0,2019-09-17T00:00:00Z,2019-09-17T00:00:00Z,2019-09-17T00:00:00Z,41,0,0.50530507,2021-09-15T00:00:00Z,62121443.09,0.0012515777,0.0177,-20487752.08,-0.2480,28334030.13,0.0177,,
XTZ,XTZ,XTZ,Tezos,https://s3.us-east-2.amazonaws.com/nomics-api/static/images/currencies/xtz.svg,active,1.78018649,2022-08-04T00:00:00Z,2022-08-04T02:54:00Z,896223391,,1595444770,0.0014,137,471,228,2017-06-23T00:00:00Z,2017-06-23T00:00:00Z,2018-09-17T00:00:00Z,42,0,10.52752302,2017-12-17T00:00:00Z,53083840.69,0.089105340,0.0527,-22888666.58,-0.3013,80226018.57,0.0529,,
LDO,LDO,LDO,Lido DAO,https://s3.us-east-2.amazonaws.com/nomics-api/static/images/currencies/LDO.png,active,2.72206659,2022-08-04T00:00:00Z,2022-08-04T02:54:00Z,530005334,1000000000,1442709810,0.0013,43,84,0,2021-01-05T00:00:00Z,2021-01-05T00:00:00Z,2021-01-06T00:00:00Z,43,8,6.40298061,2021-08-21T00:00:00Z,436909908.39,0.49086546,0.2200,135300167.58,0.4486,264717548.19,0.2247,ETH,2021-01-06T15:31:25.629792Z
CRI,CRI,CRI,Crypto International,https://s3.us-east-2.amazonaws.com/nomics-api/static/images/currencies/CRI.png,active,0.48673726,2022-08-04T00:00:00Z,2022-08-04T02:53:00Z,2963004063,10000020856,1442204470,0.0013,6,18,0,2021-11-14T00:00:00Z,2021-11-14T00:00:00Z,2021-11-14T00:00:00Z,44,0,0.61609454,2022-07-07T00:00:00Z,311807.54,0.0075239390,0.0157,-90888.92,-0.2257,22293461.76,0.0157,ETH,2022-03-10T23:23:42.193271Z
QNT,QNT,QNT,Quant,https://s3.us-east-2.amazonaws.com/nomics-api/static/images/currencies/qnt.jpg,active,107.28903226,2022-08-04T00:00:00Z,2022-08-04T02:54:00Z,13413953,14612493,1439170086,0.0013,64,129,1,2018-06-25T00:00:00Z,2018-06-25T00:00:00Z,2019-01-29T00:00:00Z,45,0,395.22027584,2021-09-10T00:00:00Z,56474559.78,5.50385716,0.0541,-3515205.75,-0.0586,73828483.85,0.0541,ETH,
FRAX,FRAX,FRAX,Frax,https://s3.us-east-2.amazonaws.com/nomics-api/static/images/currencies/FRAX.jpg,active,1.00081711,2022-08-04T00:00:00Z,2022-08-04T02:53:00Z,1425995664,1425995664,1427160858,0.0013,19,130,7,2020-12-16T00:00:00Z,2020-12-16T00:00:00Z,2020-12-21T00:00:00Z,46,-3,3.22284391,2020-12-17T00:00:00Z,18208881.77,0.0040970296,0.0041,-1315470.25,-0.0674,-34089511.51,-0.0233,ETH,2020-12-22T19:46:11.961151Z
THETA,THETA,THETA,Theta Token,https://s3.us-east-2.amazonaws.com/nomics-api/static/images/currencies/theta.png,active,1.41490689,2022-08-04T00:00:00Z,2022-08-04T02:54:00Z,1000000000,1000000000,1414906890,0.0013,68,162,0,2018-01-16T00:00:00Z,2018-01-16T00:00:00Z,2018-08-29T00:00:00Z,47,-1,14.33793445,2021-04-16T00:00:00Z,206464392.53,0.074164521,0.0553,-105046492.86,-0.3372,74164520.94,0.0553,THETA,
AAVE,AAVE,AAVE,Aave,https://s3.us-east-2.amazonaws.com/nomics-api/static/images/currencies/AAVE.jpg,active,97.50872964,2022-08-04T00:00:00Z,2022-08-04T02:54:00Z,13980258,16000000,1363197203,0.0012,165,761,13,2018-11-26T00:00:00Z,2020-10-02T00:00:00Z,2020-10-04T00:00:00Z,48,-1,629.00605098,2021-05-18T00:00:00Z,296446112.80,4.69162730,0.0505,-39351542.66,-0.1172,65687224.46,0.0506,ETH,
EGLD,EGLD,EGLD,Elrond,https://s3.us-east-2.amazonaws.com/nomics-api/static/images/currencies/EGLD.jpeg,active,58.21565027,2022-08-04T00:00:00Z,2022-08-04T02:54:00Z,22767430,24097430,1325420742,0.0012,59,111,14,2020-09-02T00:00:00Z,2020-09-03T00:00:00Z,2020-09-03T00:00:00Z,49,-1,492.59473630,2021-11-22T00:00:00Z,61187908.94,2.49654953,0.0448,-34686473.38,-0.3618,57099611.87,0.0450,,
AXS2,AXS2,AXS,Axie Infinity,https://s3.us-east-2.amazonaws.com/nomics-api/static/images/currencies/AXS2.jpg,active,17.55131855,2022-08-04T00:00:00Z,2022-08-04T02:54:00Z,71046952,270000000,1246967678,0.0011,120,260,3,2018-12-12T00:00:00Z,2020-11-04T00:00:00Z,2020-11-04T00:00:00Z,50,-1,160.73738896,2021-11-07T00:00:00Z,337402458.07,0.64621784,0.0382,-8743679.51,-0.0253,45911807.33,0.0382,ETH,2020-11-09T16:49:37.895041Z
EOS,EOS,EOS,EOS,https://s3.us-east-2.amazonaws.com/nomics-api/static/images/currencies/eos.svg,active,1.19711381,2022-08-04T00:00:00Z,2022-08-04T02:54:00Z,1003561021,,1201376754,0.0011,239,1719,138,2017-06-23T00:00:00Z,2017-06-23T00:00:00Z,2018-08-29T00:00:00Z,51,1,20.87934749,2018-04-29T00:00:00Z,396070780.37,0.028195788,0.0241,-300652171.98,-0.4315,28429297.25,0.0242,EOS,
TUSD,TUSD,TUSD,TrueUSD,https://s3.us-east-2.amazonaws.com/nomics-api/static/images/currencies/tusd.svg,active,1.00044994,2022-08-04T00:00:00Z,2022-08-04T02:54:00Z,1198190112,1198190112,1198729231,0.0011,135,867,65,2018-03-06T00:00:00Z,2018-03-06T00:00:00Z,2018-08-29T00:00:00Z,52,-2,1.08791066,2018-05-21T00:00:00Z,328906122.94,0.00062526236,0.0006,-104633658.70,-0.2413,7081980.00,0.0059,ETH,
BSV,BSV,BSV,Bitcoin SV,https://s3.us-east-2.amazonaws.com/nomics-api/static/images/currencies/BSV.png,active,61.11968670,2022-08-04T00:00:00Z,2022-08-04T02:54:00Z,19132327,21000000,1169361810,0.0011,147,734,135,2017-07-09T00:00:00Z,2018-11-08T00:00:00Z,2018-11-13T00:00:00Z,53,0,441.01031808,2021-04-16T00:00:00Z,57048504.06,0.92424078,0.0154,-40602230.75,-0.4158,17740062.12,0.0154,,
1INCH,1INCH,1INCH,1inch,https://s3.us-east-2.amazonaws.com/nomics-api/static/images/currencies/1INCH.jpg,active,0.79429962,2022-08-04T00:00:00Z,2022-08-04T02:54:00Z,1464561639,1500000000,1163300750,0.0010,120,351,4,2018-12-17T00:00:00Z,2020-12-25T00:00:00Z,2019-02-14T00:00:00Z,54,0,7.50445200,2021-05-08T00:00:00Z,124949812.04,0.060465930,0.0824,25568724.53,0.2573,88556081.11,0.0824,ETH,2020-12-28T18:53:34.959468Z
HELIUM,HELIUM,HNT,Helium,https://s3.us-east-2.amazonaws.com/nomics-api/static/images/currencies/HELIUM.jpeg,active,8.69634956,2022-08-04T00:00:00Z,2022-08-04T02:54:00Z,124677628,,1084240235,0.0010,30,54,0,2020-04-17T00:00:00Z,2020-09-15T00:00:00Z,2020-04-17T00:00:00Z,55,0,52.77577424,2021-11-14T00:00:00Z,17099142.46,0.14779773,0.0173,-2918507.42,-0.1458,18840209.62,0.0177,,
CUSDC,CUSDC,CUSDC,Compound USD Coin,https://s3.us-east-2.amazonaws.com/nomics-api/static/images/currencies/CUSDC.png,active,0.022632746,2022-08-04T00:00:00Z,2022-08-04T02:53:00Z,44379737993,44379737993,1004435337,0.0009,9,83,0,2019-09-22T00:00:00Z,2020-04-02T00:00:00Z,2020-04-09T00:00:00Z,56,0,0.95915556,2019-11-26T00:00:00Z,11815986.78,0.000014076871,0.0006,-200012.07,-0.0166,-1510049.87,-0.0015,ETH,
KCS,KCS,KCS,KuCoin Token,https://s3.us-east-2.amazonaws.com/nomics-api/static/images/currencies/kcs.jpg,active,10.11797054,2022-08-04T00:00:00Z,2022-08-04T02:53:00Z,97784597,145284597,989381669,0.0009,18,120,4676,2017-09-17T00:00:00Z,2020-03-26T00:00:00Z,2019-06-04T00:00:00Z,57,0,27.61556150,2021-12-01T00:00:00Z,2673784.16,0.24977965,0.0253,-508038.28,-0.1597,24424602.03,0.0253,ETH,
OMI,OMI,OMI,ECOMI,https://s3.us-east-2.amazonaws.com/nomics-api/static/images/currencies/OMI.png,active,0.0016690755,2022-08-04T00:00:00Z,2022-08-04T02:53:00Z,581910045187,750000000000,971251794,0.0009,5,8,0,2019-10-01T00:00:00Z,2021-03-23T00:00:00Z,2020-02-14T00:00:00Z,58,0,0.013122054,2021-03-19T00:00:00Z,315589.29,0.000019548951,0.0119,-86455.23,-0.2150,11375730.78,0.0119,GO,2021-02-02T14:53:17.269368Z
MKR,MKR,MKR,Maker,https://s3.us-east-2.amazonaws.com/nomics-api/static/images/currencies/MKR.svg,active,1063.96178258,2022-08-04T00:00:00Z,2022-08-04T02:54:00Z,901311,977631,958960402,0.0009,175,779,15,2017-12-21T00:00:00Z,2017-12-21T00:00:00Z,2018-09-07T00:00:00Z,59,0,5989.09431329,2021-05-03T00:00:00Z,125425646.36,35.79625152,0.0348,-35516516.53,-0.2207,32263553.37,0.0348,ETH,
BTT2,BTT2,BTT,BitTorrent V2,https://s3.us-east-2.amazonaws.com/nomics-api/static/images/currencies/BTT2.png,active,0.00000098002149,2022-08-04T00:00:00Z,2022-08-04T02:54:00Z,937418500000000,990000000000000,918690280,0.0008,46,72,7,2019-01-31T00:00:00Z,2019-02-08T00:00:00Z,2019-02-14T00:00:00Z,60,0,0.010843928,2021-04-06T00:00:00Z,58213380.01,-0.0000000028305335,-0.0029,-21604350.85,-0.2707,-2653394.45,-0.0029,TRX,2021-12-22T22:21:23.096382Z
SNX,SNX,SNX,Synthetix Network Token,https://s3.us-east-2.amazonaws.com/nomics-api/static/images/currencies/SNX.png,active,3.92091048,2022-08-04T00:00:00Z,2022-08-04T02:54:00Z,231906521,288213318,909284708,0.0008,150,1103,16,2018-03-15T00:00:00Z,2018-03-15T00:00:00Z,2019-05-15T00:00:00Z,61,1,27.15917775,2021-02-12T00:00:00Z,239591234.56,0.14355443,0.0380,-96749711.36,-0.2877,36175749.95,0.0414,ETH,
GRT,GRT,GRT,The Graph,https://s3.us-east-2.amazonaws.com/nomics-api/static/images/currencies/GRT.jpg,active,0.12277221,2022-08-04T00:00:00Z,2022-08-04T02:54:00Z,7400273157,10000000000,908547924,0.0008,133,296,0,2020-05-23T00:00:00Z,2020-12-17T00:00:00Z,2020-05-23T00:00:00Z,62,2,2.34093454,2021-02-13T00:00:00Z,106961415.54,0.0056822758,0.0485,-56323791.77,-0.3449,42050393.37,0.0485,ETH,
IOT,IOT,IOT,IOTA (MIOTA),https://s3.us-east-2.amazonaws.com/nomics-api/static/images/currencies/iot.svg,active,0.32517906,2022-08-04T00:00:00Z,2022-08-04T02:54:00Z,2779530283,2779530283,903845041,0.0008,41,116,0,2017-06-12T00:00:00Z,2017-06-12T00:00:00Z,2018-08-29T00:00:00Z,63,-2,5.37680344,2017-12-19T00:00:00Z,17347480.80,0.0075360058,0.0237,-6060857.59,-0.2589,20946556.39,0.0237,,
FTM,FTM,FTM,Fantom,https://s3.us-east-2.amazonaws.com/nomics-api/static/images/currencies/ftm.png,active,0.35384943,2022-08-04T00:00:00Z,2022-08-04T02:54:00Z,2541152731,3175000000,899185439,0.0008,151,1266,21322,2018-10-28T00:00:00Z,2018-10-29T00:00:00Z,2019-06-04T00:00:00Z,64,3,3.31080892,2022-01-16T00:00:00Z,530703529.82,0.028953739,0.0891,-48458875.31,-0.0837,73575873.03,0.0891,FTM,
KLAY,KLAY,KLAY,Klaytn,https://s3.us-east-2.amazonaws.com/nomics-api/static/images/currencies/KLAY.jpg,active,0.29555290,2022-08-04T00:00:00Z,2022-08-04T02:54:00Z,2964193109,,876075867,0.0008,54,92,0,2019-09-26T00:00:00Z,2020-03-02T00:00:00Z,2020-02-21T00:00:00Z,65,1,4.22050699,2021-03-30T00:00:00Z,37558962.34,0.0084477164,0.0294,-9296308.61,-0.1984,25116029.17,0.0295,KLAY,
PAX,PAX,USDP,Pax Dollar,https://s3.us-east-2.amazonaws.com/nomics-api/static/images/currencies/pax.png,active,0.99812427,2022-08-04T00:00:00Z,2022-08-04T02:53:00Z,868853164,868853164,867223429,0.0008,112,629,20,2018-09-27T00:00:00Z,2018-09-27T00:00:00Z,2018-09-29T00:00:00Z,66,-1,1.06127546,2021-10-13T00:00:00Z,3083821.54,0.0031744247,0.0032,-1850831.75,-0.3751,2811255.74,0.0033,ETH,
CETH,CETH,CETH,Compound Ether,https://s3.us-east-2.amazonaws.com/nomics-api/static/images/currencies/CETH.png,active,33.18469404,2022-08-04T00:00:00Z,2022-08-04T02:53:00Z,26003549,26003549,862919803,0.0008,4,40,0,2020-03-25T00:00:00Z,2020-06-27T00:00:00Z,2021-10-27T00:00:00Z,67,-4,96.49369533,2021-11-08T00:00:00Z,23943490.74,0.94469660,0.0293,20194709.45,5.3870,-6190174.80,-0.0071,ETH,
XEC,XEC,XEC,eCash,https://s3.us-east-2.amazonaws.com/nomics-api/static/images/currencies/XEC.jpg,active,0.000043292402,2022-08-04T00:00:00Z,2022-08-04T02:54:00Z,19132348423303,21000000000000,828285325,0.0007,39,74,1,2020-09-24T00:00:00Z,2020-11-15T00:00:00Z,2020-11-15T00:00:00Z,68,0,0.00033372517,2021-09-04T00:00:00Z,9182630.45,0.0000011611609,0.0276,-5657309.08,-0.3812,22258919.04,0.0276,,2021-07-07T19:15:23.761148Z
RUNE,RUNE,RUNE,THORChain,https://s3.us-east-2.amazonaws.com/nomics-api/static/images/currencies/RUNE.png,active,2.72921071,2022-08-04T00:00:00Z,2022-08-04T02:54:00Z,300755175,500000000,820824246,0.0007,49,101,0,2019-07-20T00:00:00Z,2019-07-20T00:00:00Z,2019-07-26T00:00:00Z,69,2,20.34162949,2021-05-18T00:00:00Z,378380768.94,0.17291617,0.0676,35344778.84,0.1030,52005431.85,0.0676,BNB,
ZEC,ZEC,ZEC,Zcash,https://s3.us-east-2.amazonaws.com/nomics-api/static/images/currencies/zec.svg,active,62.88401221,2022-08-04T00:00:00Z,2022-08-04T02:54:00Z,12720299,21000000,799903451,0.0007,193,608,71,2016-09-15T00:00:00Z,2016-09-15T00:00:00Z,2018-08-29T00:00:00Z,70,0,2073.15538689,2016-10-29T00:00:00Z,136563163.81,2.06585646,0.0340,-10902176.55,-0.0739,26487914.26,0.0342,,
CDAI,CDAI,CDAI,Compound Dai,https://s3.us-east-2.amazonaws.com/nomics-api/static/images/currencies/CDAI.png,active,0.022043528,2022-08-04T00:00:00Z,2022-08-04T02:53:00Z,35451598915,35451598915,781478329,0.0007,8,81,1,2020-03-25T00:00:00Z,2020-04-02T00:00:00Z,2020-04-09T00:00:00Z,71,-2,0.15067320,2020-10-04T00:00:00Z,574660.48,0.000062775509,0.0029,-2132801.42,-0.7877,2834479.85,0.0036,ETH,
NEO,NEO,NEO,NEO,https://s3.us-east-2.amazonaws.com/nomics-api/static/images/currencies/neo.svg,active,11.00709979,2022-08-04T00:00:00Z,2022-08-04T02:54:00Z,70530000,100000000,776330748,0.0007,141,466,4,2016-10-26T00:00:00Z,2017-07-14T00:00:00Z,2018-08-29T00:00:00Z,72,0,190.70558614,2018-01-15T00:00:00Z,80086813.18,0.23009229,0.0214,-76138387.32,-0.4874,16228408.92,0.0214,NEO,
CHZ,CHZ,CHZ,Chiliz,https://s3.us-east-2.amazonaws.com/nomics-api/static/images/currencies/CHZ.png,active,0.14343951,2022-08-04T00:00:00Z,2022-08-04T02:54:00Z,5344064580,8888888888,766550015,0.0007,118,307,4,2019-06-29T00:00:00Z,2019-06-29T00:00:00Z,2019-07-17T00:00:00Z,73,3,0.70080187,2021-03-12T00:00:00Z,223384100.86,0.0093646586,0.0698,-339641185.70,-0.6032,50045340.14,0.0698,CHZ,
OP4,OP4,OP,Optimism,https://s3.us-east-2.amazonaws.com/nomics-api/static/images/currencies/OP4.jpg,active,2.17427604,2022-08-04T00:00:00Z,2022-08-04T02:53:00Z,345407478,4294967296,751011203,0.0007,3,27,15,2022-05-31T00:00:00Z,2022-05-31T00:00:00Z,2022-04-26T00:00:00Z,74,15,2.17427604,2022-08-04T00:00:00Z,20863982.64,0.54223507,0.3322,5288172.82,0.3395,189347383.66,0.3371,OPETH,2022-05-31T17:01:50.668487Z
HBTC,HBTC,HBTC,Huobi BTC (ERC-20),https://s3.us-east-2.amazonaws.com/nomics-api/static/images/currencies/HBTC.png,active,23135.29772457,2022-08-04T00:00:00Z,2022-08-04T02:53:00Z,31585,38970,730739352,0.0007,11,13,1,2020-08-27T00:00:00Z,2020-08-27T00:00:00Z,2020-09-28T00:00:00Z,75,0,65943.65676757,2021-11-03T00:00:00Z,5247.07,381.35715210,0.0168,52.59,0.0101,12045346.53,0.0168,ETH,2020-12-20T19:05:46.698792Z
ELG,ELG,ELG,Escoin Token,https://s3.us-east-2.amazonaws.com/nomics-api/static/images/currencies/ELG.jpg,active,3.04656843,2022-08-04T00:00:00Z,2022-08-04T02:53:00Z,237976494,250000000,725011673,0.0007,10,16,1,2020-11-30T00:00:00Z,2020-11-30T00:00:00Z,2021-01-05T00:00:00Z,76,-3,3.59843413,2022-06-18T00:00:00Z,2112819.87,0.0030729438,0.0010,-31246.04,-0.0146,731288.40,0.0010,ETH,2020-12-01T17:25:58.226026Z
AR,AR,AR,Arweave,https://s3.us-east-2.amazonaws.com/nomics-api/static/images/currencies/AR.jpeg,active,14.39781585,2022-08-04T00:00:00Z,2022-08-04T02:54:00Z,50108502,64598643,721452984,0.0006,41,70,0,2020-02-13T00:00:00Z,2020-06-20T00:00:00Z,2020-02-13T00:00:00Z,77,0,85.87578397,2021-11-04T00:00:00Z,52266005.42,0.27590695,0.0195,-7458065.76,-0.1249,13825283.86,0.0195,,
USDN,USDN,USD-N,Neutrino,https://s3.us-east-2.amazonaws.com/nomics-api/static/images/currencies/USDN.jpg,active,0.98811774,2022-08-04T00:00:00Z,2022-08-04T02:45:00Z,728815031,728815031,720155062,0.0006,9,172,1250,2019-12-07T00:00:00Z,,2020-01-07T00:00:00Z,78,-4,1.07915335,2020-03-19T00:00:00Z,575152.90,-0.0043242270,-0.0044,37998.09,0.0707,-3461793.12,-0.0048,WAVES,2021-02-02T14:53:17.269368Z
CRV,CRV,CRV,Curve DAO Token,https://s3.us-east-2.amazonaws.com/nomics-api/static/images/currencies/CRV2.jpg,active,1.37292247,2022-08-04T00:00:00Z,2022-08-04T02:54:00Z,521892062,1797402901,716517336,0.0006,145,492,38,2020-08-12T00:00:00Z,2020-08-12T00:00:00Z,2020-08-14T00:00:00Z,79,-1,11.22430435,2020-08-14T00:00:00Z,288270547.45,0.064253556,0.0491,-53394083.16,-0.1563,33802957.69,0.0495,ETH,
HT,HT,HT,Huobi Token,https://s3.us-east-2.amazonaws.com/nomics-api/static/images/currencies/HT.jpg,active,4.39505123,2022-08-04T00:00:00Z,2022-08-04T02:54:00Z,153920626,500000000,676489037,0.0006,86,2679,23237,2018-06-16T00:00:00Z,2018-06-16T00:00:00Z,2019-02-15T00:00:00Z,80,-1,34.96513293,2021-05-12T00:00:00Z,14705724.79,0.11286323,0.0264,418748.00,0.0293,17371978.86,0.0264,HT,
LUNA,LUNA,LUNC,Terra Luna Classic,https://s3.us-east-2.amazonaws.com/nomics-api/static/images/currencies/LUNA.png,active,0.00010092953,2022-08-04T00:00:00Z,2022-08-04T02:54:00Z,6536407736540,6907072876045,659716589,0.0006,98,226,20,2019-06-05T00:00:00Z,2019-07-26T00:00:00Z,2019-07-04T00:00:00Z,81,-1,116.54019485,2022-04-04T00:00:00Z,87597268.77,0.0000013127951,0.0132,-61658552.52,-0.4131,8580963.81,0.0132,LUNA,
GT,GT,GT,Gatechain Token,https://s3.us-east-2.amazonaws.com/nomics-api/static/images/currencies/GT.png,active,4.52326460,2022-08-04T00:00:00Z,2022-08-04T02:53:00Z,145377817,300000000,657582331,0.0006,24,56,0,2019-04-21T00:00:00Z,2019-04-21T00:00:00Z,2019-06-04T00:00:00Z,82,-1,11.27305113,2021-05-12T00:00:00Z,1322302.01,0.14753683,0.0337,-70421.70,-0.0506,21448582.94,0.0337,ETH,
AMP2,AMP2,AMP,AMP Token,https://s3.us-east-2.amazonaws.com/nomics-api/static/images/currencies/AMP2.jpg,active,0.0082464941,2022-08-04T00:00:00Z,2022-08-04T02:54:00Z,76029258885,99444125026,626974835,0.0006,29,61,2,2015-11-04T00:00:00Z,2017-11-22T00:00:00Z,2018-09-12T00:00:00Z,83,-1,0.10878585,2021-06-16T00:00:00Z,8368160.87,0.000085634465,0.0105,-4810038.36,-0.3650,6581381.91,0.0106,ETH,2020-12-08T16:40:31.111161Z
BLOCKSTACK,BLOCKSTACK,STX,Stacks,https://s3.us-east-2.amazonaws.com/nomics-api/static/images/currencies/BLOCKSTACK.png,active,0.47128677,2022-08-04T00:00:00Z,2022-08-04T02:53:00Z,1326594224,1352464600,625206309,0.0006,33,65,0,2017-11-10T00:00:00Z,2017-11-10T00:00:00Z,2019-06-05T00:00:00Z,84,2,2.87847403,2021-12-01T00:00:00Z,75182923.01,0.027683240,0.0624,48514865.55,1.8192,36784724.19,0.0625,,
ZIL,ZIL,ZIL,Zilliqa,https://s3.us-east-2.amazonaws.com/nomics-api/static/images/currencies/zil.svg,active,0.042395009,2022-08-04T00:00:00Z,2022-08-04T02:54:00Z,14664292802,21000000000,621692820,0.0006,118,437,265,2018-01-25T00:00:00Z,2018-01-25T00:00:00Z,2018-08-29T00:00:00Z,85,-1,0.23706334,2021-04-16T00:00:00Z,200137647.70,0.0011765668,0.0285,-79803746.15,-0.2851,17415889.32,0.0288,ZIL,
ENJ,ENJ,ENJ,Enjin Coin,https://s3.us-east-2.amazonaws.com/nomics-api/static/images/currencies/enj.svg,active,0.65464149,2022-08-04T00:00:00Z,2022-08-04T02:54:00Z,934340660,1000000000,611658165,0.0005,163,407,0,2017-11-01T00:00:00Z,2017-11-01T00:00:00Z,2018-08-29T00:00:00Z,86,2,4.51272012,2021-11-24T00:00:00Z,156612739.19,0.049583705,0.0819,34402360.39,0.2815,46328072.07,0.0819,ETH,
BAT,BAT,BAT,Basic Attention Token,https://s3.us-east-2.amazonaws.com/nomics-api/static/images/currencies/bat.svg,active,0.40647589,2022-08-04T00:00:00Z,2022-08-04T02:54:00Z,1496165879,1500000000,608155355,0.0005,221,734,14,2017-06-03T00:00:00Z,2017-10-01T00:00:00Z,2018-08-29T00:00:00Z,87,0,1.75884839,2021-11-27T00:00:00Z,147237993.40,0.015845346,0.0406,63441131.05,0.7571,23707266.39,0.0406,ETH,
DFI,DFI,DFI,DeFiChain,https://s3.us-east-2.amazonaws.com/nomics-api/static/images/currencies/DFI.jpg,active,1.06550463,2022-08-04T00:00:00Z,2022-08-04T02:53:00Z,563488954,1200000000,600400092,0.0005,10,34,0,2020-06-17T00:00:00Z,2021-03-31T00:00:00Z,2020-06-17T00:00:00Z,88,-5,5.51303750,2021-12-05T00:00:00Z,7454196.14,-0.012283879,-0.0114,-1315881.73,-0.1500,-6307964.16,-0.0104,,
PAXG,PAXG,PAXG,PAX Gold,https://s3.us-east-2.amazonaws.com/nomics-api/static/images/currencies/PAXG.png,active,1765.05681917,2022-08-04T00:00:00Z,2022-08-04T02:54:00Z,339687,339687,599567147,0.0005,54,133,9,2019-09-10T00:00:00Z,2019-10-01T00:00:00Z,2019-10-18T00:00:00Z,89,-4,2092.88197361,2020-08-06T00:00:00Z,25047577.54,-10.17747310,-0.0057,-13336700.13,-0.3475,-3457156.98,-0.0057,ETH,
WAVES,WAVES,WAVES,Waves,https://s3.us-east-2.amazonaws.com/nomics-api/static/images/currencies/WAVES.png,active,5.73180368,2022-08-04T00:00:00Z,2022-08-04T02:54:00Z,100000000,100000000,573180368,0.0005,110,1693,6150,2016-06-20T00:00:00Z,2016-11-15T00:00:00Z,2018-08-29T00:00:00Z,90,0,54.56522545,2022-03-31T00:00:00Z,301214248.41,0.12455049,0.0222,-259190784.46,-0.4625,12455049.23,0.0222,WAVES,
CAKE,CAKE,CAKE,PancakeSwap,https://s3.us-east-2.amazonaws.com/nomics-api/static/images/currencies/CAKE.jpg,active,3.98283753,2022-08-04T00:00:00Z,2022-08-04T02:54:00Z,142519223,315821924,567630909,0.0005,136,2182,2416,2020-09-22T00:00:00Z,2020-09-22T00:00:00Z,2020-09-29T00:00:00Z,91,2,42.70260434,2021-04-29T00:00:00Z,76102759.64,0.24211234,0.0647,10403535.63,0.1584,33570445.52,0.0629,BNB,2021-02-02T14:53:17.269368Z
KSM,KSM,KSM,Kusama,https://s3.us-east-2.amazonaws.com/nomics-api/static/images/currencies/KSM.jpg,active,62.28077637,2022-08-04T00:00:00Z,2022-08-04T02:54:00Z,8980098,10000000,559287480,0.0005,80,161,0,2019-07-31T00:00:00Z,2020-07-25T00:00:00Z,2019-12-31T00:00:00Z,92,0,597.32064231,2021-05-14T00:00:00Z,48448061.36,2.20655238,0.0367,-8936477.81,-0.1557,19815056.73,0.0367,,
TIME5,TIME5,TIME,TIME (Wonderland),https://s3.us-east-2.amazonaws.com/nomics-api/static/images/currencies/TIME5.png,active,13.75720833,2022-08-04T00:00:00Z,2022-08-04T02:53:00Z,40064752,40065045,551179145,0.0005,10,33,5,2021-09-02T00:00:00Z,2021-09-02T00:00:00Z,2021-10-27T00:00:00Z,93,-2,9647.64471408,2021-11-07T00:00:00Z,134566.84,-0.15758633,-0.0113,-87122.75,-0.3930,3714718.23,0.0068,AVAX,2021-09-07T18:38:16.040658Z
DASH,DASH,DASH,Dash,https://s3.us-east-2.amazonaws.com/nomics-api/static/images/currencies/dash.svg,active,49.89435635,2022-08-04T00:00:00Z,2022-08-04T02:54:00Z,10849927,18920000,541350145,0.0005,225,1002,181,2014-02-07T00:00:00Z,2014-02-07T00:00:00Z,2018-08-29T00:00:00Z,94,1,1440.08640724,2017-12-20T00:00:00Z,158050031.53,1.81203954,0.0377,-79450092.19,-0.3345,19725797.53,0.0378,,
BTG,BTG,BTG,Bitcoin Gold,https://s3.us-east-2.amazonaws.com/nomics-api/static/images/currencies/btg.svg,active,30.00129778,2022-08-04T00:00:00Z,2022-08-04T02:54:00Z,17513924,21000000,525440449,0.0005,73,183,2,2017-10-24T00:00:00Z,2017-10-24T00:00:00Z,2018-08-29T00:00:00Z,95,-1,430.26550716,2017-12-20T00:00:00Z,32482474.62,-0.32433444,-0.0107,-43018901.73,-0.5698,-5680368.70,-0.0107,,
FXS,FXS,FXS,Frax Share (ERC-20),https://s3.us-east-2.amazonaws.com/nomics-api/static/images/currencies/FXS.jpg,active,7.32076749,2022-08-04T00:00:00Z,2022-08-04T02:54:00Z,71111332,99822984,520589529,0.0005,41,80,0,2020-04-16T00:00:00Z,2020-12-17T00:00:00Z,2020-04-16T00:00:00Z,96,1,41.29581589,2022-01-12T00:00:00Z,36342449.57,0.46457153,0.0678,13260054.11,0.5745,29351387.98,0.0597,ETH,2020-12-22T18:27:18.738244Z
LRC,LRC,LRC,Loopring,https://s3.us-east-2.amazonaws.com/nomics-api/static/images/currencies/LRC.jpg,active,0.41227819,2022-08-04T00:00:00Z,2022-08-04T02:54:00Z,1245991469,1373873437,513695107,0.0005,140,526,5,2017-07-09T00:00:00Z,2017-09-01T00:00:00Z,2018-08-29T00:00:00Z,97,-1,3.40771082,2021-11-24T00:00:00Z,72234787.41,0.013517243,0.0339,-23530282.69,-0.2457,16842369.94,0.0339,ETH,
MINA,MINA,MINA,Mina Protocol,https://s3.us-east-2.amazonaws.com/nomics-api/static/images/currencies/MINA.png,active,0.80652962,2022-08-04T00:00:00Z,2022-08-04T02:54:00Z,617291460,941883293,497863849,0.0004,38,63,0,2021-04-13T00:00:00Z,2021-04-13T00:00:00Z,2021-04-15T00:00:00Z,98,3,55.94053807,2021-05-30T00:00:00Z,37073315.85,0.046414664,0.0611,1662428.16,0.0469,29922216.62,0.0639,,2021-04-14T14:25:23.039277Z
KAVA,KAVA,KAVA,Kava,https://s3.us-east-2.amazonaws.com/nomics-api/static/images/currencies/KAVA.png,active,2.06987924,2022-08-04T00:00:00Z,2022-08-04T02:54:00Z,239935247,244893443,496636986,0.0004,50,87,0,2019-10-24T00:00:00Z,2019-10-25T00:00:00Z,2019-10-25T00:00:00Z,99,1,8.58553581,2021-08-23T00:00:00Z,69002829.58,0.10021051,0.0509,-81114298.24,-0.5403,25326590.74,0.0537,BNB,
CEL,CEL,CEL,Celsius,https://s3.us-east-2.amazonaws.com/nomics-api/static/images/currencies/cel.jpg,active,1.18213705,2022-08-04T00:00:00Z,2022-08-04T02:54:00Z,410730516,695658161,485539758,0.0004,53,138,1,2018-04-24T00:00:00Z,2018-04-24T00:00:00Z,2019-06-12T00:00:00Z,100,-2,8.03100151,2021-06-03T00:00:00Z,13917299.51,0.0075152624,0.0064,-34573351.82,-0.7130,3086747.59,0.0064,ETH,